[{"model": "admin.logentry", "pk": 1, "fields": {"action_time": "2021-09-20T10:27:08.815Z", "user": 1, "content_type": 6, "object_id": "1", "object_repr": "Shirts", "action_flag": 1, "change_message": "[{\"added\": {}}]"}}, {"model": "admin.logentry", "pk": 2, "fields": {"action_time": "2021-09-20T10:27:34.334Z", "user": 1, "content_type": 6, "object_id": "2", "object_repr": "t-shirt", "action_flag": 1, "change_message": "[{\"added\": {}}]"}}, {"model": "admin.logentry", "pk": 3, "fields": {"action_time": "2021-09-20T10:27:59.937Z", "user": 1, "content_type": 6, "object_id": "3", "object_repr": "Jackets", "action_flag": 1, "change_message": "[{\"added\": {}}]"}}, {"model": "admin.logentry", "pk": 4, "fields": {"action_time": "2021-09-20T10:28:22.858Z", "user": 1, "content_type": 6, "object_id": "4", "object_repr": "Jeans", "action_flag": 1, "change_message": "[{\"added\": {}}]"}}, {"model": "admin.logentry", "pk": 5, "fields": {"action_time": "2021-09-20T10:28:52.615Z", "user": 1, "content_type": 6, "object_id": "5", "object_repr": "shoes", "action_flag": 1, "change_message": "[{\"added\": {}}]"}}, {"model": "admin.logentry", "pk": 6, "fields": {"action_time": "2021-09-20T10:45:36.983Z", "user": 1, "content_type": 8, "object_id": "1", "object_repr": "ATX-jeans", "action_flag": 1, "change_message": "[{\"added\": {}}]"}}, {"model": "admin.logentry", "pk": 7, "fields": {"action_time": "2021-09-20T10:46:27.280Z", "user": 1, "content_type": 8, "object_id": "2", "object_repr": "Blue-shirt", "action_flag": 1, "change_message": "[{\"added\": {}}]"}}, {"model": "admin.logentry", "pk": 8, "fields": {"action_time": "2021-09-20T10:47:33.228Z", "user": 1, "content_type": 8, "object_id": "3", "object_repr": "Great-Tshirt", "action_flag": 1, "change_message": "[{\"added\": {}}]"}}, {"model": "admin.logentry", "pk": 9, "fields": {"action_time": "2021-09-20T10:48:16.580Z", "user": 1, "content_type": 8, "object_id": "4", "object_repr": "jordon-shoe", "action_flag": 1, "change_message": "[{\"added\": {}}]"}}, {"model": "admin.logentry", "pk": 10, "fields": {"action_time": "2021-09-20T10:48:58.094Z", "user": 1, "content_type": 8, "object_id": "5", "object_repr": "jeans blue", "action_flag": 1, "change_message": "[{\"added\": {}}]"}}, {"model": "admin.logentry", "pk": 11, "fields": {"action_time": "2021-09-20T10:49:26.914Z", "user": 1, "content_type": 8, "object_id": "6", "object_repr": "jeans dark", "action_flag": 1, "change_message": "[{\"added\": {}}]"}}, {"model": "admin.logentry", "pk": 12, "fields": {"action_time": "2021-09-20T10:50:07.785Z", "user": 1, "content_type": 8, "object_id": "7", "object_repr": "jeans normal", "action_flag": 1, "change_message": "[{\"added\": {}}]"}}, {"model": "admin.logentry", "pk": 13, "fields": {"action_time": "2021-09-20T10:51:08.195Z", "user": 1, "content_type": 8, "object_id": "8", "object_repr": "Puma-shoe", "action_flag": 1, "change_message": "[{\"added\": {}}]"}}, {"model": "admin.logentry", "pk": 14, "fields": {"action_time": "2021-09-20T10:51:35.294Z", "user": 1, "content_type": 8, "object_id": "9", "object_repr": "Wrangler shirt", "action_flag": 1, "change_message": "[{\"added\": {}}]"}}, {"model": "admin.logentry", "pk": 15, "fields": {"action_time": "2021-09-20T10:52:11.117Z", "user": 1, "content_type": 8, "object_id": "10", "object_repr": "US-polo-jacket", "action_flag": 1, "change_message": "[{\"added\": {}}]"}}, {"model": "admin.logentry", "pk": 16, "fields": {"action_time": "2021-09-20T14:35:17.972Z", "user": 1, "content_type": 8, "object_id": "8", "object_repr": "Puma-shoe", "action_flag": 2, "change_message": "[{\"changed\": {\"fields\": [\"Stock\"]}}]"}}, {"model": "admin.logentry", "pk": 17, "fields": {"action_time": "2021-09-21T12:44:43.130Z", "user": 1, "content_type": 11, "object_id": "1", "object_repr": "blue", "action_flag": 1, "change_message": "[{\"added\": {}}]"}}, {"model": "admin.logentry", "pk": 18, "fields": {"action_time": "2021-09-21T12:45:04.935Z", "user": 1, "content_type": 11, "object_id": "2", "object_repr": "dark", "action_flag": 1, "change_message": "[{\"added\": {}}]"}}, {"model": "admin.logentry", "pk": 19, "fields": {"action_time": "2021-09-21T12:45:24.885Z", "user": 1, "content_type": 11, "object_id": "3", "object_repr": "black", "action_flag": 1, "change_message": "[{\"added\": {}}]"}}, {"model": "admin.logentry", "pk": 20, "fields": {"action_time": "2021-09-21T12:45:36.200Z", "user": 1, "content_type": 11, "object_id": "4", "object_repr": "xl", "action_flag": 1, "change_message": "[{\"added\": {}}]"}}, {"model": "admin.logentry", "pk": 21, "fields": {"action_time": "2021-09-21T12:45:48.107Z", "user": 1, "content_type": 11, "object_id": "5", "object_repr": "l", "action_flag": 1, "change_message": "[{\"added\": {}}]"}}, {"model": "admin.logentry", "pk": 22, "fields": {"action_time": "2021-09-21T14:06:51.977Z", "user": 1, "content_type": 9, "object_id": "6", "object_repr": "CartItem object (6)", "action_flag": 2, "change_message": "[{\"changed\": {\"fields\": [\"Variations\"]}}]"}}, {"model": "admin.logentry", "pk": 23, "fields": {"action_time": "2021-09-21T16:48:39.325Z", "user": 1, "content_type": 7, "object_id": "2", "object_repr": "fake@gamil.com", "action_flag": 2, "change_message": "[{\"changed\": {\"fields\": [\"Is admin\"]}}]"}}, {"model": "admin.logentry", "pk": 24, "fields": {"action_time": "2021-09-21T16:49:35.738Z", "user": 1, "content_type": 7, "object_id": "2", "object_repr": "fake@gamil.com", "action_flag": 2, "change_message": "[{\"changed\": {\"fields\": [\"Is staff\", \"Is active\", \"Is superadmin\"]}}]"}}, {"model": "admin.logentry", "pk": 25, "fields": {"action_time": "2021-09-22T05:37:01.763Z", "user": 1, "content_type": 7, "object_id": "6", "object_repr": "tigeraju444@gmail.com", "action_flag": 3, "change_message": ""}}, {"model": "admin.logentry", "pk": 26, "fields": {"action_time": "2021-09-22T07:51:23.490Z", "user": 1, "content_type": 10, "object_id": "12", "object_repr": "rv32ytci67p9fcexa5yxrfdxokzva1ak", "action_flag": 3, "change_message": ""}}, {"model": "admin.logentry", "pk": 27, "fields": {"action_time": "2021-09-22T07:51:23.496Z", "user": 1, "content_type": 10, "object_id": "11", "object_repr": "5ijt6m43mk18oukig1uqf8noe26iir6x", "action_flag": 3, "change_message": ""}}, {"model": "admin.logentry", "pk": 28, "fields": {"action_time": "2021-09-22T07:51:23.502Z", "user": 1, "content_type": 10, "object_id": "10", "object_repr": "sb9tbmz20qm7iwtmf4uhvat0vg37uzp3", "action_flag": 3, "change_message": ""}}, {"model": "admin.logentry", "pk": 29, "fields": {"action_time": "2021-09-22T07:51:23.507Z", "user": 1, "content_type": 10, "object_id": "9", "object_repr": "sqmnykvi8991dpj6fxrqnc2c5ph14qs3", "action_flag": 3, "change_message": ""}}, {"model": "admin.logentry", "pk": 30, "fields": {"action_time": "2021-09-22T07:51:23.512Z", "user": 1, "content_type": 10, "object_id": "8", "object_repr": "n1dg1au0nbvqhx4hkvz4leqsnhkg594p", "action_flag": 3, "change_message": ""}}, {"model": "admin.logentry", "pk": 31, "fields": {"action_time": "2021-09-22T07:51:23.518Z", "user": 1, "content_type": 10, "object_id": "7", "object_repr": "f0hocvx9fp9jxn43kdk50jgtxv6ew5wq", "action_flag": 3, "change_message": ""}}, {"model": "admin.logentry", "pk": 32, "fields": {"action_time": "2021-09-22T07:51:23.523Z", "user": 1, "content_type": 10, "object_id": "6", "object_repr": "i0kvnqpd93owztjqlqurwwsqd0l8rdhi", "action_flag": 3, "change_message": ""}}, {"model": "admin.logentry", "pk": 33, "fields": {"action_time": "2021-09-22T07:51:23.528Z", "user": 1, "content_type": 10, "object_id": "5", "object_repr": "q7d4ubnxh7eld38z227ptqqzfgai8mrc", "action_flag": 3, "change_message": ""}}, {"model": "admin.logentry", "pk": 34, "fields": {"action_time": "2021-09-22T07:51:23.534Z", "user": 1, "content_type": 10, "object_id": "4", "object_repr": "fqwqv3eh4un1obp82664337mpsbysxyz", "action_flag": 3, "change_message": ""}}, {"model": "admin.logentry", "pk": 35, "fields": {"action_time": "2021-09-22T07:51:23.539Z", "user": 1, "content_type": 10, "object_id": "3", "object_repr": "l4p54c1lgarlrxgn3mcnt8vi00p05l63", "action_flag": 3, "change_message": ""}}, {"model": "admin.logentry", "pk": 36, "fields": {"action_time": "2021-09-22T07:51:23.545Z", "user": 1, "content_type": 10, "object_id": "2", "object_repr": "iw9ylex8hhrygk7d3oyjyx15kjp23nzi", "action_flag": 3, "change_message": ""}}, {"model": "admin.logentry", "pk": 37, "fields": {"action_time": "2021-09-22T07:51:23.551Z", "user": 1, "content_type": 10, "object_id": "1", "object_repr": "gpxceqzk2k6pbcc78x1kqidfael2ik7e", "action_flag": 3, "change_message": ""}}, {"model": "admin.logentry", "pk": 38, "fields": {"action_time": "2021-09-22T07:51:34.343Z", "user": 1, "content_type": 9, "object_id": "17", "object_repr": "CartItem object (17)", "action_flag": 3, "change_message": ""}}, {"model": "admin.logentry", "pk": 39, "fields": {"action_time": "2021-09-22T11:56:52.994Z", "user": 1, "content_type": 14, "object_id": "2", "object_repr": "Raju", "action_flag": 2, "change_message": "[{\"changed\": {\"fields\": [\"Is ordered\"]}}]"}}, {"model": "admin.logentry", "pk": 40, "fields": {"action_time": "2021-09-22T11:56:58.892Z", "user": 1, "content_type": 14, "object_id": "1", "object_repr": "raju", "action_flag": 2, "change_message": "[{\"changed\": {\"fields\": [\"Is ordered\"]}}]"}}, {"model": "admin.logentry", "pk": 41, "fields": {"action_time": "2021-09-22T12:00:52.946Z", "user": 1, "content_type": 14, "object_id": "2", "object_repr": "Raju", "action_flag": 2, "change_message": "[]"}}, {"model": "admin.logentry", "pk": 42, "fields": {"action_time": "2021-09-22T12:01:53.015Z", "user": 1, "content_type": 12, "object_id": "1", "object_repr": "1", "action_flag": 1, "change_message": "[{\"added\": {}}]"}}, {"model": "admin.logentry", "pk": 43, "fields": {"action_time": "2021-09-22T12:02:29.016Z", "user": 1, "content_type": 13, "object_id": "1", "object_repr": "ATX-jeans", "action_flag": 1, "change_message": "[{\"added\": {}}]"}}, {"model": "admin.logentry", "pk": 44, "fields": {"action_time": "2021-09-22T18:34:21.409Z", "user": 1, "content_type": 16, "object_id": "1", "object_repr": "Raju", "action_flag": 2, "change_message": "[{\"changed\": {\"fields\": [\"Profile picture\"]}}]"}}, {"model": "admin.logentry", "pk": 45, "fields": {"action_time": "2021-09-23T05:02:39.406Z", "user": 1, "content_type": 16, "object_id": "2", "object_repr": "Raju", "action_flag": 1, "change_message": "[{\"added\": {}}]"}}, {"model": "admin.logentry", "pk": 46, "fields": {"action_time": "2021-09-23T05:38:51.590Z", "user": 1, "content_type": 7, "object_id": "9", "object_repr": "tigeraju444@gmail.com", "action_flag": 3, "change_message": ""}}, {"model": "admin.logentry", "pk": 47, "fields": {"action_time": "2021-09-23T05:38:58.676Z", "user": 1, "content_type": 7, "object_id": "8", "object_repr": "tigeraju4@gmail.com", "action_flag": 3, "change_message": ""}}, {"model": "admin.logentry", "pk": 48, "fields": {"action_time": "2021-09-23T05:39:02.455Z", "user": 1, "content_type": 7, "object_id": "7", "object_repr": "tigeraju44@gmail.com", "action_flag": 3, "change_message": ""}}, {"model": "admin.logentry", "pk": 49, "fields": {"action_time": "2021-09-23T05:50:54.942Z", "user": 1, "content_type": 7, "object_id": "11", "object_repr": "tigeraju444@gmail.com", "action_flag": 3, "change_message": ""}}, {"model": "admin.logentry", "pk": 50, "fields": {"action_time": "2021-09-23T06:12:39.113Z", "user": 1, "content_type": 8, "object_id": "1", "object_repr": "ATX-jeans", "action_flag": 2, "change_message": "[{\"added\": {\"name\": \"productgallery\", \"object\": \"ATX-jeans\"}}]"}}, {"model": "admin.logentry", "pk": 51, "fields": {"action_time": "2021-09-23T06:12:53.135Z", "user": 1, "content_type": 8, "object_id": "1", "object_repr": "ATX-jeans", "action_flag": 2, "change_message": "[{\"added\": {\"name\": \"productgallery\", \"object\": \"ATX-jeans\"}}]"}}, {"model": "admin.logentry", "pk": 52, "fields": {"action_time": "2021-09-23T06:13:04.903Z", "user": 1, "content_type": 8, "object_id": "1", "object_repr": "ATX-jeans", "action_flag": 2, "change_message": "[{\"added\": {\"name\": \"productgallery\", \"object\": \"ATX-jeans\"}}]"}}, {"model": "auth.permission", "pk": 1, "fields": {"name": "Can add log entry", "content_type": 1, "codename": "add_logentry"}}, {"model": "auth.permission", "pk": 2, "fields": {"name": "Can change log entry", "content_type": 1, "codename": "change_logentry"}}, {"model": "auth.permission", "pk": 3, "fields": {"name": "Can delete log entry", "content_type": 1, "codename": "delete_logentry"}}, {"model": "auth.permission", "pk": 4, "fields": {"name": "Can view log entry", "content_type": 1, "codename": "view_logentry"}}, {"model": "auth.permission", "pk": 5, "fields": {"name": "Can add permission", "content_type": 2, "codename": "add_permission"}}, {"model": "auth.permission", "pk": 6, "fields": {"name": "Can change permission", "content_type": 2, "codename": "change_permission"}}, {"model": "auth.permission", "pk": 7, "fields": {"name": "Can delete permission", "content_type": 2, "codename": "delete_permission"}}, {"model": "auth.permission", "pk": 8, "fields": {"name": "Can view permission", "content_type": 2, "codename": "view_permission"}}, {"model": "auth.permission", "pk": 9, "fields": {"name": "Can add group", "content_type": 3, "codename": "add_group"}}, {"model": "auth.permission", "pk": 10, "fields": {"name": "Can change group", "content_type": 3, "codename": "change_group"}}, {"model": "auth.permission", "pk": 11, "fields": {"name": "Can delete group", "content_type": 3, "codename": "delete_group"}}, {"model": "auth.permission", "pk": 12, "fields": {"name": "Can view group", "content_type": 3, "codename": "view_group"}}, {"model": "auth.permission", "pk": 13, "fields": {"name": "Can add content type", "content_type": 4, "codename": "add_contenttype"}}, {"model": "auth.permission", "pk": 14, "fields": {"name": "Can change content type", "content_type": 4, "codename": "change_contenttype"}}, {"model": "auth.permission", "pk": 15, "fields": {"name": "Can delete content type", "content_type": 4, "codename": "delete_contenttype"}}, {"model": "auth.permission", "pk": 16, "fields": {"name": "Can view content type", "content_type": 4, "codename": "view_contenttype"}}, {"model": "auth.permission", "pk": 17, "fields": {"name": "Can add session", "content_type": 5, "codename": "add_session"}}, {"model": "auth.permission", "pk": 18, "fields": {"name": "Can change session", "content_type": 5, "codename": "change_session"}}, {"model": "auth.permission", "pk": 19, "fields": {"name": "Can delete session", "content_type": 5, "codename": "delete_session"}}, {"model": "auth.permission", "pk": 20, "fields": {"name": "Can view session", "content_type": 5, "codename": "view_session"}}, {"model": "auth.permission", "pk": 21, "fields": {"name": "Can add category", "content_type": 6, "codename": "add_category"}}, {"model": "auth.permission", "pk": 22, "fields": {"name": "Can change category", "content_type": 6, "codename": "change_category"}}, {"model": "auth.permission", "pk": 23, "fields": {"name": "Can delete category", "content_type": 6, "codename": "delete_category"}}, {"model": "auth.permission", "pk": 24, "fields": {"name": "Can view category", "content_type": 6, "codename": "view_category"}}, {"model": "auth.permission", "pk": 25, "fields": {"name": "Can add account", "content_type": 7, "codename": "add_account"}}, {"model": "auth.permission", "pk": 26, "fields": {"name": "Can change account", "content_type": 7, "codename": "change_account"}}, {"model": "auth.permission", "pk": 27, "fields": {"name": "Can delete account", "content_type": 7, "codename": "delete_account"}}, {"model": "auth.permission", "pk": 28, "fields": {"name": "Can view account", "content_type": 7, "codename": "view_account"}}, {"model": "auth.permission", "pk": 29, "fields": {"name": "Can add product", "content_type": 8, "codename": "add_product"}}, {"model": "auth.permission", "pk": 30, "fields": {"name": "Can change product", "content_type": 8, "codename": "change_product"}}, {"model": "auth.permission", "pk": 31, "fields": {"name": "Can delete product", "content_type": 8, "codename": "delete_product"}}, {"model": "auth.permission", "pk": 32, "fields": {"name": "Can view product", "content_type": 8, "codename": "view_product"}}, {"model": "auth.permission", "pk": 33, "fields": {"name": "Can add cart item", "content_type": 9, "codename": "add_cartitem"}}, {"model": "auth.permission", "pk": 34, "fields": {"name": "Can change cart item", "content_type": 9, "codename": "change_cartitem"}}, {"model": "auth.permission", "pk": 35, "fields": {"name": "Can delete cart item", "content_type": 9, "codename": "delete_cartitem"}}, {"model": "auth.permission", "pk": 36, "fields": {"name": "Can view cart item", "content_type": 9, "codename": "view_cartitem"}}, {"model": "auth.permission", "pk": 37, "fields": {"name": "Can add cart", "content_type": 10, "codename": "add_cart"}}, {"model": "auth.permission", "pk": 38, "fields": {"name": "Can change cart", "content_type": 10, "codename": "change_cart"}}, {"model": "auth.permission", "pk": 39, "fields": {"name": "Can delete cart", "content_type": 10, "codename": "delete_cart"}}, {"model": "auth.permission", "pk": 40, "fields": {"name": "Can view cart", "content_type": 10, "codename": "view_cart"}}, {"model": "auth.permission", "pk": 41, "fields": {"name": "Can add variation", "content_type": 11, "codename": "add_variation"}}, {"model": "auth.permission", "pk": 42, "fields": {"name": "Can change variation", "content_type": 11, "codename": "change_variation"}}, {"model": "auth.permission", "pk": 43, "fields": {"name": "Can delete variation", "content_type": 11, "codename": "delete_variation"}}, {"model": "auth.permission", "pk": 44, "fields": {"name": "Can view variation", "content_type": 11, "codename": "view_variation"}}, {"model": "auth.permission", "pk": 45, "fields": {"name": "Can add payment", "content_type": 12, "codename": "add_payment"}}, {"model": "auth.permission", "pk": 46, "fields": {"name": "Can change payment", "content_type": 12, "codename": "change_payment"}}, {"model": "auth.permission", "pk": 47, "fields": {"name": "Can delete payment", "content_type": 12, "codename": "delete_payment"}}, {"model": "auth.permission", "pk": 48, "fields": {"name": "Can view payment", "content_type": 12, "codename": "view_payment"}}, {"model": "auth.permission", "pk": 49, "fields": {"name": "Can add order product", "content_type": 13, "codename": "add_orderproduct"}}, {"model": "auth.permission", "pk": 50, "fields": {"name": "Can change order product", "content_type": 13, "codename": "change_orderproduct"}}, {"model": "auth.permission", "pk": 51, "fields": {"name": "Can delete order product", "content_type": 13, "codename": "delete_orderproduct"}}, {"model": "auth.permission", "pk": 52, "fields": {"name": "Can view order product", "content_type": 13, "codename": "view_orderproduct"}}, {"model": "auth.permission", "pk": 53, "fields": {"name": "Can add order", "content_type": 14, "codename": "add_order"}}, {"model": "auth.permission", "pk": 54, "fields": {"name": "Can change order", "content_type": 14, "codename": "change_order"}}, {"model": "auth.permission", "pk": 55, "fields": {"name": "Can delete order", "content_type": 14, "codename": "delete_order"}}, {"model": "auth.permission", "pk": 56, "fields": {"name": "Can view order", "content_type": 14, "codename": "view_order"}}, {"model": "auth.permission", "pk": 57, "fields": {"name": "Can add review rating", "content_type": 15, "codename": "add_reviewrating"}}, {"model": "auth.permission", "pk": 58, "fields": {"name": "Can change review rating", "content_type": 15, "codename": "change_reviewrating"}}, {"model": "auth.permission", "pk": 59, "fields": {"name": "Can delete review rating", "content_type": 15, "codename": "delete_reviewrating"}}, {"model": "auth.permission", "pk": 60, "fields": {"name": "Can view review rating", "content_type": 15, "codename": "view_reviewrating"}}, {"model": "auth.permission", "pk": 61, "fields": {"name": "Can add user profile", "content_type": 16, "codename": "add_userprofile"}}, {"model": "auth.permission", "pk": 62, "fields": {"name": "Can change user profile", "content_type": 16, "codename": "change_userprofile"}}, {"model": "auth.permission", "pk": 63, "fields": {"name": "Can delete user profile", "content_type": 16, "codename": "delete_userprofile"}}, {"model": "auth.permission", "pk": 64, "fields": {"name": "Can view user profile", "content_type": 16, "codename": "view_userprofile"}}, {"model": "auth.permission", "pk": 65, "fields": {"name": "Can add productgallery", "content_type": 17, "codename": "add_productgallery"}}, {"model": "auth.permission", "pk": 66, "fields": {"name": "Can change productgallery", "content_type": 17, "codename": "change_productgallery"}}, {"model": "auth.permission", "pk": 67, "fields": {"name": "Can delete productgallery", "content_type": 17, "codename": "delete_productgallery"}}, {"model": "auth.permission", "pk": 68, "fields": {"name": "Can view productgallery", "content_type": 17, "codename": "view_productgallery"}}, {"model": "auth.permission", "pk": 69, "fields": {"name": "Can add login attempt", "content_type": 18, "codename": "add_loginattempt"}}, {"model": "auth.permission", "pk": 70, "fields": {"name": "Can change login attempt", "content_type": 18, "codename": "change_loginattempt"}}, {"model": "auth.permission", "pk": 71, "fields": {"name": "Can delete login attempt", "content_type": 18, "codename": "delete_loginattempt"}}, {"model": "auth.permission", "pk": 72, "fields": {"name": "Can view login attempt", "content_type": 18, "codename": "view_loginattempt"}}, {"model": "contenttypes.contenttype", "pk": 1, "fields": {"app_label": "admin", "model": "logentry"}}, {"model": "contenttypes.contenttype", "pk": 2, "fields": {"app_label": "auth", "model": "permission"}}, {"model": "contenttypes.contenttype", "pk": 3, "fields": {"app_label": "auth", "model": "group"}}, {"model": "contenttypes.contenttype", "pk": 4, "fields": {"app_label": "contenttypes", "model": "contenttype"}}, {"model": "contenttypes.contenttype", "pk": 5, "fields": {"app_label": "sessions", "model": "session"}}, {"model": "contenttypes.contenttype", "pk": 6, "fields": {"app_label": "category", "model": "category"}}, {"model": "contenttypes.contenttype", "pk": 7, "fields": {"app_label": "accounts", "model": "account"}}, {"model": "contenttypes.contenttype", "pk": 8, "fields": {"app_label": "store", "model": "product"}}, {"model": "contenttypes.contenttype", "pk": 9, "fields": {"app_label": "carts", "model": "cartitem"}}, {"model": "contenttypes.contenttype", "pk": 10, "fields": {"app_label": "carts", "model": "cart"}}, {"model": "contenttypes.contenttype", "pk": 11, "fields": {"app_label": "store", "model": "variation"}}, {"model": "contenttypes.contenttype", "pk": 12, "fields": {"app_label": "orders", "model": "payment"}}, {"model": "contenttypes.contenttype", "pk": 13, "fields": {"app_label": "orders", "model": "orderproduct"}}, {"model": "contenttypes.contenttype", "pk": 14, "fields": {"app_label": "orders", "model": "order"}}, {"model": "contenttypes.contenttype", "pk": 15, "fields": {"app_label": "store", "model": "reviewrating"}}, {"model": "contenttypes.contenttype", "pk": 16, "fields": {"app_label": "accounts", "model": "userprofile"}}, {"model": "contenttypes.contenttype", "pk": 17, "fields": {"app_label": "store", "model": "productgallery"}}, {"model": "contenttypes.contenttype", "pk": 18, "fields": {"app_label": "admin_honeypot", "model": "loginattempt"}}, {"model": "sessions.session", "pk": "8rpscrpu09b87bca4bcpawydpjznf3wc", "fields": {"session_data": "eyJfc2Vzc2lvbl9pbml0X3RpbWVzdGFtcF8iOjE2MzI0NTg3NDEuMTgzMjg0M30:1mTd5h:RFTJ5ArVEdAp2DdLdB9brfRYdTfONlstHBs81qeodVk", "expire_date": "2021-10-08T04:45:41.187Z"}}, {"model": "sessions.session", "pk": "jafzfhtvpk5zxqbjf5xasqt73t2ezskm", "fields": {"session_data": "e30:1mTHfT:HeA8-cCQr-N3RVlRrnw8ywfo3OAWWtePyk68z5QNBy4", "expire_date": "2021-10-07T05:53:11.906Z"}}, {"model": "category.category", "pk": 1, "fields": {"category_name": "Shirts", "slug": "shirts", "description": "This is the demo shirt", "cat_image": ""}}, {"model": "category.category", "pk": 2, "fields": {"category_name": "t-shirt", "slug": "t-shirt", "description": "this is the tshirt model", "cat_image": "photos/categories/tshirts.jpg"}}, {"model": "category.category", "pk": 3, "fields": {"category_name": "Jackets", "slug": "jackets", "description": "this is the jacket model", "cat_image": "photos/categories/jackets.jpg"}}, {"model": "category.category", "pk": 4, "fields": {"category_name": "Jeans", "slug": "jeans", "description": "this is the jeans model", "cat_image": "photos/categories/jeans.jpg"}}, {"model": "category.category", "pk": 5, "fields": {"category_name": "shoes", "slug": "shoes", "description": "this is the shoe model", "cat_image": "photos/categories/shoes.png"}}, {"model": "accounts.account", "pk": 1, "fields": {"password": "pbkdf2_sha256$260000$nWjmmIQXpzJcKa1tQ9A1yd$jozYtG7ACVpdabdwKAxAScBJBdJmWv0vcvGvp/nfU/c=", "first_name": "Raju", "last_name": "Shivarama", "username": "raju", "email": "rajushivaram97@gmail.com", "phone_number": "9972484078", "date_joined": "2021-09-20T10:01:07.923Z", "last_login": "2021-09-23T14:41:33.799Z", "is_admin": true, "is_staff": true, "is_active": true, "is_superadmin": true}}, {"model": "accounts.account", "pk": 2, "fields": {"password": "pbkdf2_sha256$260000$NB1eLOL9alEW7NOQ84ocEy$nAp3ksCPRoAi7RB1VJyIT8j7zRAxwKZwSkcY0ymh8fw=", "first_name": "deep", "last_name": "eigen", "username": "fake", "email": "fake@gamil.com", "phone_number": "9972484078", "date_joined": "2021-09-21T16:47:18.693Z", "last_login": "2021-09-21T16:47:18.693Z", "is_admin": true, "is_staff": true, "is_active": true, "is_superadmin": true}}, {"model": "accounts.account", "pk": 3, "fields": {"password": "pbkdf2_sha256$260000$lkAsCDeEj4iVPrS5QZ02Uc$KeGBuri0c8h53pc9g08UYfAA9dY2l0gNQ5gxHKjNDdk=", "first_name": "joe", "last_name": "jo", "username": "joe", "email": "joe@gmail.com", "phone_number": "9972484078", "date_joined": "2021-09-22T04:31:12.124Z", "last_login": "2021-09-22T04:31:12.124Z", "is_admin": false, "is_staff": false, "is_active": false, "is_superadmin": false}}, {"model": "accounts.account", "pk": 4, "fields": {"password": "pbkdf2_sha256$260000$IwFWfIMnIZalG6dwuqvg2o$UHQcruYz5x1o46TKdwMWsJjLchtQDr2hnD9rXXRm6cE=", "first_name": "joe", "last_name": "jo", "username": "joe3", "email": "joe3@gmail.com", "phone_number": "9972484078", "date_joined": "2021-09-22T04:34:04.160Z", "last_login": "2021-09-22T04:34:04.160Z", "is_admin": false, "is_staff": false, "is_active": false, "is_superadmin": false}}, {"model": "accounts.account", "pk": 5, "fields": {"password": "pbkdf2_sha256$260000$HgYuL8iaLVWobFjdO2SeZi$ejX6KSvWaK3F8vv7a6NdmPnwTGntJ4i/5gibGqLwd/8=", "first_name": "Raju", "last_name": "Shivarama", "username": "rajushivaram", "email": "rajushivaram@gmail.com", "phone_number": "9972484078", "date_joined": "2021-09-22T04:38:20.761Z", "last_login": "2021-09-22T04:38:20.761Z", "is_admin": false, "is_staff": false, "is_active": false, "is_superadmin": false}}, {"model": "accounts.account", "pk": 10, "fields": {"password": "pbkdf2_sha256$260000$33F2dmfBNWRClgi5RpLSfY$Q0uWKRRt/LrnC/szHchlmzXvRzZp/070PwhXqBm2gsg=", "first_name": "Raju", "last_name": "Shivarama", "username": "rajushivaram9", "email": "rajushivaram9@gmail.com", "phone_number": "9972484078", "date_joined": "2021-09-22T18:25:51.148Z", "last_login": "2021-09-22T18:25:51.148Z", "is_admin": false, "is_staff": false, "is_active": false, "is_superadmin": false}}, {"model": "accounts.account", "pk": 12, "fields": {"password": "pbkdf2_sha256$260000$1SYS3GtNeM7NBpcYYUdT58$jf/0SOk0wMTA9m30c8QsuF4IjXHNkykXhv2q/VbdHys=", "first_name": "Raju", "last_name": "Shivarama", "username": "tigeraju444", "email": "tigeraju444@gmail.com", "phone_number": "9972484078", "date_joined": "2021-09-23T05:51:49.306Z", "last_login": "2021-09-23T05:56:09.116Z", "is_admin": false, "is_staff": false, "is_active": true, "is_superadmin": false}}, {"model": "accounts.userprofile", "pk": 1, "fields": {"user": 10, "address_line_1": "", "address_line_2": "", "profile_picture": "userprofile/profile.jpg", "city": "", "state": "", "country": ""}}, {"model": "accounts.userprofile", "pk": 2, "fields": {"user": 1, "address_line_1": "No.9,1st main, Byraveshwarnagar, mudalpalya", "address_line_2": "", "profile_picture": "userprofile/profile_8ykcska.jpg", "city": "bengaluru", "state": "Not Applicable", "country": ""}}, {"model": "accounts.userprofile", "pk": 4, "fields": {"user": 12, "address_line_1": "", "address_line_2": "", "profile_picture": "default/default_user.png", "city": "", "state": "", "country": ""}}, {"model": "store.product", "pk": 1, "fields": {"product_name": "ATX-jeans", "slug": "atx-jeans", "description": "Lorem Ipsum has been the industry's standard dummy text ever since the 1500s, when an unknown printer took a galley of type and scrambled it to make a type specimen book. It has survived not only five centuries, but also the leap into electronic typesetting, remaining essentially unchanged. It was popularised in the 1960s with the release of Letraset sheets containing Lorem Ipsum passages, and more recently with desktop publishing software like Aldus PageMaker including versions of Lorem Ipsum.", "price": 500, "images": "photos/products/ATX-Jeans.jpg", "stock": 92, "is_available": true, "category": 4, "created_date": "2021-09-20T10:45:36.981Z", "modified_date": "2021-09-23T06:39:39.483Z"}}, {"model": "store.product", "pk": 2, "fields": {"product_name": "Blue-shirt", "slug": "blue-shirt", "description": "Lorem Ipsum has been the industry's standard dummy text ever since the 1500s, when an unknown printer took a galley of type and scrambled it to make a type specimen book. It has survived not only five centuries, but also the leap into electronic typesetting, remaining essentially unchanged. It was popularised in the 1960s with the release of Letraset sheets containing Lorem Ipsum passages, and more recently with desktop publishing software like Aldus PageMaker including versions of Lorem Ipsum.", "price": 300, "images": "photos/products/Blue-Shirt.jpg", "stock": 50, "is_available": true, "category": 1, "created_date": "2021-09-20T10:46:27.277Z", "modified_date": "2021-09-20T10:46:27.277Z"}}, {"model": "store.product", "pk": 3, "fields": {"product_name": "Great-Tshirt", "slug": "great-tshirt", "description": "Lorem Ipsum has been the industry's standard dummy text ever since the 1500s, when an unknown printer took a galley of type and scrambled it to make a type specimen book. It has survived not only five centuries, but also the leap into electronic typesetting, remaining essentially unchanged. It was popularised in the 1960s with the release of Letraset sheets containing Lorem Ipsum passages, and more recently with desktop publishing software like Aldus PageMaker including versions of Lorem Ipsum.", "price": 400, "images": "photos/products/Great-Tshirt.jpg", "stock": 70, "is_available": true, "category": 2, "created_date": "2021-09-20T10:47:33.227Z", "modified_date": "2021-09-20T10:47:33.227Z"}}, {"model": "store.product", "pk": 4, "fields": {"product_name": "jordon-shoe", "slug": "jordon-shoe", "description": "Lorem Ipsum has been the industry's standard dummy text ever since the 1500s, when an unknown printer took a galley of type and scrambled it to make a type specimen book. It has survived not only five centuries, but also the leap into electronic typesetting, remaining essentially unchanged. It was popularised in the 1960s with the release of Letraset sheets containing Lorem Ipsum passages, and more recently with desktop publishing software like Aldus PageMaker including versions of Lorem Ipsum.", "price": 400, "images": "photos/products/jordan-true-flight-basketball-shoes.jpg", "stock": 50, "is_available": true, "category": 5, "created_date": "2021-09-20T10:48:16.579Z", "modified_date": "2021-09-20T10:48:16.579Z"}}, {"model": "store.product", "pk": 5, "fields": {"product_name": "jeans blue", "slug": "jeans-blue", "description": "", "price": 500, "images": "photos/products/image1.jpg", "stock": 30, "is_available": true, "category": 4, "created_date": "2021-09-20T10:48:58.092Z", "modified_date": "2021-09-20T10:48:58.092Z"}}, {"model": "store.product", "pk": 6, "fields": {"product_name": "jeans dark", "slug": "jeans-dark", "description": "Lorem Ipsum has been the industry's standard dummy text ever since the 1500s, when an unknown printer took a galley of type and scrambled it to make a type specimen book. It has survived not only five centuries, but also the leap into electronic typesetting, remaining essentially unchanged. It was popularised in the 1960s with the release of Letraset sheets containing Lorem Ipsum passages, and more recently with desktop publishing software like Aldus PageMaker including versions of Lorem Ipsum.", "price": 500, "images": "photos/products/image2.jpg", "stock": 70, "is_available": true, "category": 4, "created_date": "2021-09-20T10:49:26.912Z", "modified_date": "2021-09-20T10:49:26.912Z"}}, {"model": "store.product", "pk": 7, "fields": {"product_name": "jeans normal", "slug": "jeans-normal", "description": "Lorem Ipsum has been the industry's standard dummy text ever since the 1500s, when an unknown printer took a galley of type and scrambled it to make a type specimen book. It has survived not only five centuries, but also the leap into electronic typesetting, remaining essentially unchanged. It was popularised in the 1960s with the release of Letraset sheets containing Lorem Ipsum passages, and more recently with desktop publishing software like Aldus PageMaker including versions of Lorem Ipsum.", "price": 500, "images": "photos/products/image13.jpg", "stock": 60, "is_available": true, "category": 4, "created_date": "2021-09-20T10:50:07.783Z", "modified_date": "2021-09-20T10:50:07.783Z"}}, {"model": "store.product", "pk": 8, "fields": {"product_name": "Puma-shoe", "slug": "puma-shoe", "description": "Lorem Ipsum has been the industry's standard dummy text ever since the 1500s, when an unknown printer took a galley of type and scrambled it to make a type specimen book. It has survived not only five centuries, but also the leap into electronic typesetting, remaining essentially unchanged. It was popularised in the 1960s with the release of Letraset sheets containing Lorem Ipsum passages, and more recently with desktop publishing software like Aldus PageMaker including versions of Lorem Ipsum.", "price": 700, "images": "photos/products/Puma-Ferrari-Shoes.jpg", "stock": 0, "is_available": true, "category": 5, "created_date": "2021-09-20T10:51:08.193Z", "modified_date": "2021-09-20T14:35:17.968Z"}}, {"model": "store.product", "pk": 9, "fields": {"product_name": "Wrangler shirt", "slug": "wrangler-shirt", "description": "Lorem Ipsum has been the industry's standard dummy text ever since the 1500s, when an unknown printer took a galley of type and scrambled it to make a type specimen book. It has survived not only five centuries, but also the leap into electronic typesetting, remaining essentially unchanged. It was popularised in the 1960s with the release of Letraset sheets containing Lorem Ipsum passages, and more recently with desktop publishing software like Aldus PageMaker including versions of Lorem Ipsum.", "price": 400, "images": "photos/products/Wrangler-Shirt.jpg", "stock": 50, "is_available": true, "category": 1, "created_date": "2021-09-20T10:51:35.291Z", "modified_date": "2021-09-20T10:51:35.291Z"}}, {"model": "store.product", "pk": 10, "fields": {"product_name": "US-polo-jacket", "slug": "us-polo-jacket", "description": "Lorem Ipsum has been the industry's standard dummy text ever since the 1500s, when an unknown printer took a galley of type and scrambled it to make a type specimen book. It has survived not only five centuries, but also the leap into electronic typesetting, remaining essentially unchanged. It was popularised in the 1960s with the release of Letraset sheets containing Lorem Ipsum passages, and more recently with desktop publishing software like Aldus PageMaker including versions of Lorem Ipsum.", "price": 600, "images": "photos/products/US-Polo-Assn_Jacket.jpg", "stock": 80, "is_available": true, "category": 3, "created_date": "2021-09-20T10:52:11.114Z", "modified_date": "2021-09-20T10:52:11.114Z"}}, {"model": "store.variation", "pk": 1, "fields": {"product": 1, "variation_category": "color", "variation_value": "blue", "is_active": true, "created_date": "2021-09-21T12:44:43.128Z"}}, {"model": "store.variation", "pk": 2, "fields": {"product": 1, "variation_category": "color", "variation_value": "dark", "is_active": true, "created_date": "2021-09-21T12:45:04.932Z"}}, {"model": "store.variation", "pk": 3, "fields": {"product": 1, "variation_category": "color", "variation_value": "black", "is_active": true, "created_date": "2021-09-21T12:45:24.883Z"}}, {"model": "store.variation", "pk": 4, "fields": {"product": 1, "variation_category": "size", "variation_value": "xl", "is_active": true, "created_date": "2021-09-21T12:45:36.199Z"}}, {"model": "store.variation", "pk": 5, "fields": {"product": 1, "variation_category": "size", "variation_value": "l", "is_active": true, "created_date": "2021-09-21T12:45:48.105Z"}}, {"model": "store.reviewrating", "pk": 1, "fields": {"product": 1, "user": 1, "subject": "awesome", "review": "excellent product", "rating": 5.0, "ip": "127.0.0.1", "status": true, "created_at": "2021-09-22T17:37:19.215Z", "updated_at": "2021-09-22T17:56:26.385Z"}}, {"model": "store.productgallery", "pk": 1, "fields": {"product": 1, "image": "store/products/image1.jpg"}}, {"model": "store.productgallery", "pk": 2, "fields": {"product": 1, "image": "store/products/image2.jpg"}}, {"model": "store.productgallery", "pk": 3, "fields": {"product": 1, "image": "store/products/image13.jpg"}}, {"model": "carts.cart", "pk": 13, "fields": {"cart_id": "avk6846wu2g1iaf6oza8ev1xwhj3oqm4", "date_added": "2021-09-22"}}, {"model": "carts.cart", "pk": 14, "fields": {"cart_id": "qrvrkpwfbto79ssvsenva07vkx36frcv", "date_added": "2021-09-22"}}, {"model": "carts.cart", "pk": 15, "fields": {"cart_id": "xx06qnm8rc95wagcrqyzinzm7z4c63b1", "date_added": "2021-09-22"}}, {"model": "carts.cartitem", "pk": 23, "fields": {"product": 1, "user": null, "cart": 14, "quantity": 1, "is_active": true, "variations": [1, 4]}}, {"model": "orders.payment", "pk": 1, "fields": {"user": 1, "payment_id": "1", "payment_method": "paypal", "amount_paid": "2040", "status": "payed", "created_at": "2021-09-22T12:01:53.014Z"}}, {"model": "orders.payment", "pk": 2, "fields": {"user": 1, "payment_id": "81R96876DE556052Y", "payment_method": "PayPal", "amount_paid": "510.0", "status": "COMPLETED", "created_at": "2021-09-22T13:07:07.340Z"}}, {"model": "orders.payment", "pk": 3, "fields": {"user": 1, "payment_id": "7UV23726WA664450K", "payment_method": "PayPal", "amount_paid": "510.0", "status": "COMPLETED", "created_at": "2021-09-22T13:11:17.709Z"}}, {"model": "orders.payment", "pk": 4, "fields": {"user": 1, "payment_id": "170705421E545835N", "payment_method": "PayPal", "amount_paid": "510.0", "status": "COMPLETED", "created_at": "2021-09-22T13:26:52.539Z"}}, {"model": "orders.payment", "pk": 5, "fields": {"user": 1, "payment_id": "63G41293J7936371G", "payment_method": "PayPal", "amount_paid": "510.0", "status": "COMPLETED", "created_at": "2021-09-22T13:35:55.533Z"}}, {"model": "orders.payment", "pk": 6, "fields": {"user": 1, "payment_id": "7Y428629DU1285922", "payment_method": "PayPal", "amount_paid": "510.0", "status": "COMPLETED", "created_at": "2021-09-22T13:38:48.736Z"}}, {"model": "orders.payment", "pk": 7, "fields": {"user": 1, "payment_id": "3K251435TY8453817", "payment_method": "PayPal", "amount_paid": "510.0", "status": "COMPLETED", "created_at": "2021-09-22T13:48:13.787Z"}}, {"model": "orders.payment", "pk": 8, "fields": {"user": 1, "payment_id": "38N888638U025684H", "payment_method": "PayPal", "amount_paid": "510.0", "status": "COMPLETED", "created_at": "2021-09-22T13:51:39.200Z"}}, {"model": "orders.payment", "pk": 9, "fields": {"user": 1, "payment_id": "67B75583KW2542532", "payment_method": "PayPal", "amount_paid": "510.0", "status": "COMPLETED", "created_at": "2021-09-23T06:39:39.438Z"}}, {"model": "orders.order", "pk": 1, "fields": {"user": 1, "payment": null, "order_number": "202109221", "first_name": "raju", "last_name": "Shivarama", "phone": "9972484078", "email": "rajushivaram97@gmail.com", "address_line_1": "No.9,1st main, Byraveshwarnagar, mudalpalya", "address_line_2": "", "country": "Japan", "state": "Not Applicable", "city": "bengaluru", "order_note": "nothing", "order_total": 2040.0, "tax": 40.0, "status": "New", "ip": "127.0.0.1", "is_ordered": true, "created_at": "2021-09-22T11:19:15.943Z", "updated_at": "2021-09-22T11:56:58.890Z"}}, {"model": "orders.order", "pk": 2, "fields": {"user": 1, "payment": null, "order_number": "202109222", "first_name": "Raju", "last_name": "Shivarama", "phone": "9972484078", "email": "rajushivaram97@gmail.com", "address_line_1": "No.9,1st main, Byraveshwarnagar, mudalpalya", "address_line_2": "", "country": "Japan", "state": "Not Applicable", "city": "bengaluru", "order_note": "", "order_total": 510.0, "tax": 10.0, "status": "New", "ip": "127.0.0.1", "is_ordered": true, "created_at": "2021-09-22T11:51:26.305Z", "updated_at": "2021-09-22T12:00:52.942Z"}}, {"model": "orders.order", "pk": 3, "fields": {"user": 1, "payment": null, "order_number": "202109223", "first_name": "Raju", "last_name": "Shivarama", "phone": "9972484078", "email": "rajushivaram97@gmail.com", "address_line_1": "No.9,1st main, Byraveshwarnagar, mudalpalya", "address_line_2": "", "country": "Japan", "state": "Not Applicable", "city": "bengaluru", "order_note": "", "order_total": 510.0, "tax": 10.0, "status": "New", "ip": "127.0.0.1", "is_ordered": false, "created_at": "2021-09-22T12:02:48.597Z", "updated_at": "2021-09-22T12:02:48.604Z"}}, {"model": "orders.order", "pk": 4, "fields": {"user": 1, "payment": null, "order_number": "202109224", "first_name": "Raju", "last_name": "Shivarama", "phone": "9972484078", "email": "rajushivaram97@gmail.com", "address_line_1": "No.9,1st main, Byraveshwarnagar, mudalpalya", "address_line_2": "", "country": "Japan", "state": "Not Applicable", "city": "bengaluru", "order_note": "", "order_total": 510.0, "tax": 10.0, "status": "New", "ip": "127.0.0.1", "is_ordered": false, "created_at": "2021-09-22T12:56:07.392Z", "updated_at": "2021-09-22T12:56:07.400Z"}}, {"model": "orders.order", "pk": 5, "fields": {"user": 1, "payment": null, "order_number": "202109225", "first_name": "Raju", "last_name": "Shivarama", "phone": "9972484078", "email": "rajushivaram97@gmail.com", "address_line_1": "No.9,1st main, Byraveshwarnagar, mudalpalya", "address_line_2": "", "country": "Japan", "state": "Not Applicable", "city": "bengaluru", "order_note": "", "order_total": 510.0, "tax": 10.0, "status": "New", "ip": "127.0.0.1", "is_ordered": false, "created_at": "2021-09-22T12:56:20.680Z", "updated_at": "2021-09-22T12:56:20.687Z"}}, {"model": "orders.order", "pk": 6, "fields": {"user": 1, "payment": 2, "order_number": "202109226", "first_name": "Raju", "last_name": "Shivarama", "phone": "9972484078", "email": "rajushivaram97@gmail.com", "address_line_1": "No.9,1st main, Byraveshwarnagar, mudalpalya", "address_line_2": "", "country": "Japan", "state": "Not Applicable", "city": "bengaluru", "order_note": "", "order_total": 510.0, "tax": 10.0, "status": "New", "ip": "127.0.0.1", "is_ordered": true, "created_at": "2021-09-22T13:00:30.353Z", "updated_at": "2021-09-22T13:07:07.347Z"}}, {"model": "orders.order", "pk": 7, "fields": {"user": 1, "payment": 3, "order_number": "202109227", "first_name": "tiger", "last_name": "raju", "phone": "9972484078", "email": "tigeraju444@gmail.com", "address_line_1": "No.9,1st main, Byraveshwarnagar, mudalpalya", "address_line_2": "", "country": "Japan", "state": "Not Applicable", "city": "bengaluru", "order_note": "", "order_total": 510.0, "tax": 10.0, "status": "New", "ip": "127.0.0.1", "is_ordered": true, "created_at": "2021-09-22T13:10:55.328Z", "updated_at": "2021-09-22T13:11:17.719Z"}}, {"model": "orders.order", "pk": 8, "fields": {"user": 1, "payment": 4, "order_number": "202109228", "first_name": "Raju", "last_name": "Shivarama", "phone": "9972484078", "email": "rajushivaram97@gmail.com", "address_line_1": "No.9,1st main, Byraveshwarnagar, mudalpalya", "address_line_2": "", "country": "Japan", "state": "Not Applicable", "city": "bengaluru", "order_note": "", "order_total": 510.0, "tax": 10.0, "status": "New", "ip": "127.0.0.1", "is_ordered": true, "created_at": "2021-09-22T13:25:26.339Z", "updated_at": "2021-09-22T13:26:52.545Z"}}, {"model": "orders.order", "pk": 9, "fields": {"user": 1, "payment": 5, "order_number": "202109229", "first_name": "Raju", "last_name": "Shivarama", "phone": "9972484078", "email": "rajushivaram97@gmail.com", "address_line_1": "No.9,1st main, Byraveshwarnagar, mudalpalya", "address_line_2": "", "country": "Japan", "state": "Not Applicable", "city": "bengaluru", "order_note": "", "order_total": 510.0, "tax": 10.0, "status": "New", "ip": "127.0.0.1", "is_ordered": true, "created_at": "2021-09-22T13:35:31.893Z", "updated_at": "2021-09-22T13:35:55.548Z"}}, {"model": "orders.order", "pk": 10, "fields": {"user": 1, "payment": 6, "order_number": "2021092210", "first_name": "Raju", "last_name": "Shivarama", "phone": "9972484078", "email": "rajushivaram97@gmail.com", "address_line_1": "No.9,1st main, Byraveshwarnagar, mudalpalya", "address_line_2": "", "country": "Japan", "state": "Not Applicable", "city": "bengaluru", "order_note": "", "order_total": 510.0, "tax": 10.0, "status": "New", "ip": "127.0.0.1", "is_ordered": true, "created_at": "2021-09-22T13:38:24.077Z", "updated_at": "2021-09-22T13:38:48.744Z"}}, {"model": "orders.order", "pk": 11, "fields": {"user": 1, "payment": 7, "order_number": "2021092211", "first_name": "Raju", "last_name": "Shivarama", "phone": "9972484078", "email": "rajushivaram97@gmail.com", "address_line_1": "No.9,1st main, Byraveshwarnagar, mudalpalya", "address_line_2": "", "country": "Japan", "state": "Not Applicable", "city": "bengaluru", "order_note": "", "order_total": 510.0, "tax": 10.0, "status": "New", "ip": "127.0.0.1", "is_ordered": true, "created_at": "2021-09-22T13:47:10.411Z", "updated_at": "2021-09-22T13:48:13.792Z"}}, {"model": "orders.order", "pk": 12, "fields": {"user": 1, "payment": 8, "order_number": "2021092212", "first_name": "Raju", "last_name": "Shivarama", "phone": "9972484078", "email": "rajushivaram97@gmail.com", "address_line_1": "No.9,1st main, Byraveshwarnagar, mudalpalya", "address_line_2": "", "country": "Japan", "state": "Not Applicable", "city": "bengaluru", "order_note": "", "order_total": 510.0, "tax": 10.0, "status": "New", "ip": "127.0.0.1", "is_ordered": true, "created_at": "2021-09-22T13:51:25.287Z", "updated_at": "2021-09-22T13:51:39.207Z"}}, {"model": "orders.order", "pk": 13, "fields": {"user": 1, "payment": 9, "order_number": "2021092313", "first_name": "Raju", "last_name": "Shivarama", "phone": "9972484078", "email": "rajushivaram97@gmail.com", "address_line_1": "No.9,1st main, Byraveshwarnagar, mudalpalya", "address_line_2": "", "country": "Japan", "state": "Not Applicable", "city": "bengaluru", "order_note": "", "order_total": 510.0, "tax": 10.0, "status": "New", "ip": "127.0.0.1", "is_ordered": true, "created_at": "2021-09-23T06:39:09.255Z", "updated_at": "2021-09-23T06:39:39.446Z"}}, {"model": "orders.orderproduct", "pk": 1, "fields": {"order": 2, "payment": 1, "user": 1, "product": 1, "quantity": 2, "product_price": 2040.0, "ordered": true, "created_at": "2021-09-22T12:02:29.012Z", "updated_at": "2021-09-22T12:02:29.012Z", "variations": [1]}}, {"model": "orders.orderproduct", "pk": 2, "fields": {"order": 6, "payment": 2, "user": 1, "product": 1, "quantity": 1, "product_price": 500.0, "ordered": true, "created_at": "2021-09-22T13:07:07.362Z", "updated_at": "2021-09-22T13:07:07.386Z", "variations": [3, 5]}}, {"model": "orders.orderproduct", "pk": 3, "fields": {"order": 7, "payment": 3, "user": 1, "product": 1, "quantity": 1, "product_price": 500.0, "ordered": true, "created_at": "2021-09-22T13:11:17.733Z", "updated_at": "2021-09-22T13:11:17.754Z", "variations": [2, 4]}}, {"model": "orders.orderproduct", "pk": 4, "fields": {"order": 8, "payment": 4, "user": 1, "product": 1, "quantity": 1, "product_price": 500.0, "ordered": true, "created_at": "2021-09-22T13:26:52.556Z", "updated_at": "2021-09-22T13:26:52.571Z", "variations": [3, 4]}}, {"model": "orders.orderproduct", "pk": 5, "fields": {"order": 9, "payment": 5, "user": 1, "product": 1, "quantity": 1, "product_price": 500.0, "ordered": true, "created_at": "2021-09-22T13:35:55.561Z", "updated_at": "2021-09-22T13:35:55.586Z", "variations": [3, 4]}}, {"model": "orders.orderproduct", "pk": 6, "fields": {"order": 10, "payment": 6, "user": 1, "product": 1, "quantity": 1, "product_price": 500.0, "ordered": true, "created_at": "2021-09-22T13:38:48.751Z", "updated_at": "2021-09-22T13:38:48.767Z", "variations": [1, 4]}}, {"model": "orders.orderproduct", "pk": 7, "fields": {"order": 11, "payment": 7, "user": 1, "product": 1, "quantity": 1, "product_price": 500.0, "ordered": true, "created_at": "2021-09-22T13:48:13.800Z", "updated_at": "2021-09-22T13:48:13.815Z", "variations": [3, 4]}}, {"model": "orders.orderproduct", "pk": 8, "fields": {"order": 12, "payment": 8, "user": 1, "product": 1, "quantity": 1, "product_price": 500.0, "ordered": true, "created_at": "2021-09-22T13:51:39.216Z", "updated_at": "2021-09-22T13:51:39.230Z", "variations": [1, 4]}}, {"model": "orders.orderproduct", "pk": 9, "fields": {"order": 13, "payment": 9, "user": 1, "product": 1, "quantity": 1, "product_price": 500.0, "ordered": true, "created_at": "2021-09-23T06:39:39.458Z", "updated_at": "2021-09-23T06:39:39.475Z", "variations": [1, 4]}}, {"model": "admin_honeypot.loginattempt", "pk": 1, "fields": {"username": "rajushivaram97@gmail.com", "ip_address": "127.0.0.1", "session_key": "kaigusl0wcyfmspp0ppvhkyz64f2ka4g", "user_agent": "Mozilla/5.0 (Windows NT 10.0; Win64; x64) AppleWebKit/537.36 (KHTML, like Gecko) Chrome/94.0.4606.54 Safari/537.36", "timestamp": "2021-09-23T06:48:12.959Z", "path": "/admin/login/?next=/admin/"}}, {"model": "admin_honeypot.loginattempt", "pk": 2, "fields": {"username": "rajushivaram97@gmail.com", "ip_address": "127.0.0.1", "session_key": "kaigusl0wcyfmspp0ppvhkyz64f2ka4g", "user_agent": "Mozilla/5.0 (Windows NT 10.0; Win64; x64) AppleWebKit/537.36 (KHTML, like Gecko) Chrome/94.0.4606.54 Safari/537.36", "timestamp": "2021-09-23T06:48:21.359Z", "path": "/admin/login/?next=/admin/"}}]